"month","category","revenue"
"2016-09-01 00:00:00+07","beleza_saude","143.46"
"2016-09-01 00:00:00+07","moveis_decoracao","136.23"
"2016-10-01 00:00:00+07","alimentos","96.23"
"2016-10-01 00:00:00+07","audio","183.03"
"2016-10-01 00:00:00+07","automotivo","1752.46"
"2016-10-01 00:00:00+07","bebes","1517.55"
"2016-10-01 00:00:00+07","beleza_saude","5308.94"
"2016-10-01 00:00:00+07","brinquedos","4591.53"
"2016-10-01 00:00:00+07","cama_mesa_banho","606.58"
"2016-10-01 00:00:00+07","climatizacao","1904.91"
"2016-10-01 00:00:00+07","consoles_games","4089.42"
"2016-10-01 00:00:00+07","cool_stuff","1236.88"
"2016-10-01 00:00:00+07","eletronicos","119.79"
"2016-10-01 00:00:00+07","esporte_lazer","2490.76"
"2016-10-01 00:00:00+07","fashion_bolsas_e_acessorios","502.98"
"2016-10-01 00:00:00+07","fashion_calcados","40.95"
"2016-10-01 00:00:00+07","fashion_roupa_feminina","69.63"
"2016-10-01 00:00:00+07","fashion_roupa_masculina","35.86"
"2016-10-01 00:00:00+07","ferramentas_jardim","1465.19"
"2016-10-01 00:00:00+07","fraldas_higiene","150.99"
"2016-10-01 00:00:00+07","industria_comercio_e_negocios","433.56"
"2016-10-01 00:00:00+07","informatica_acessorios","1740.09"
"2016-10-01 00:00:00+07","livros_interesse_geral","144.54"
"2016-10-01 00:00:00+07","livros_tecnicos","299.84"
"2016-10-01 00:00:00+07","market_place","1579.18"
"2016-10-01 00:00:00+07","moveis_decoracao","7052.28"
"2016-10-01 00:00:00+07","moveis_escritorio","1587.55"
"2016-10-01 00:00:00+07","perfumaria","5315.20"
"2016-10-01 00:00:00+07","pet_shop","775.86"
"2016-10-01 00:00:00+07","relogios_presentes","3468.04"
"2016-10-01 00:00:00+07","telefonia","381.79"
"2016-10-01 00:00:00+07","telefonia_fixa","774.45"
"2016-10-01 00:00:00+07","Unknown","95.92"
"2016-10-01 00:00:00+07","utilidades_domesticas","1542.54"
"2016-12-01 00:00:00+07","fashion_bolsas_e_acessorios","19.62"
"2017-01-01 00:00:00+07","agro_industria_e_comercio","107.76"
"2017-01-01 00:00:00+07","alimentos","78.82"
"2017-01-01 00:00:00+07","automotivo","5779.99"
"2017-01-01 00:00:00+07","bebes","7139.93"
"2017-01-01 00:00:00+07","beleza_saude","14039.74"
"2017-01-01 00:00:00+07","brinquedos","5389.57"
"2017-01-01 00:00:00+07","cama_mesa_banho","4817.27"
"2017-01-01 00:00:00+07","casa_conforto_2","95.57"
"2017-01-01 00:00:00+07","climatizacao","738.36"
"2017-01-01 00:00:00+07","consoles_games","6393.53"
"2017-01-01 00:00:00+07","construcao_ferramentas_construcao","335.00"
"2017-01-01 00:00:00+07","cool_stuff","8730.86"
"2017-01-01 00:00:00+07","dvds_blu_ray","47.80"
"2017-01-01 00:00:00+07","eletrodomesticos_2","2268.60"
"2017-01-01 00:00:00+07","eletronicos","772.43"
"2017-01-01 00:00:00+07","eletroportateis","1788.25"
"2017-01-01 00:00:00+07","esporte_lazer","11447.27"
"2017-01-01 00:00:00+07","fashion_bolsas_e_acessorios","2136.61"
"2017-01-01 00:00:00+07","fashion_calcados","49.01"
"2017-01-01 00:00:00+07","fashion_roupa_feminina","102.81"
"2017-01-01 00:00:00+07","fashion_roupa_masculina","159.11"
"2017-01-01 00:00:00+07","fashion_underwear_e_moda_praia","171.15"
"2017-01-01 00:00:00+07","ferramentas_jardim","9225.17"
"2017-01-01 00:00:00+07","informatica_acessorios","4377.60"
"2017-01-01 00:00:00+07","instrumentos_musicais","357.74"
"2017-01-01 00:00:00+07","livros_interesse_geral","271.55"
"2017-01-01 00:00:00+07","malas_acessorios","565.38"
"2017-01-01 00:00:00+07","market_place","548.22"
"2017-01-01 00:00:00+07","moveis_cozinha_area_de_servico_jantar_e_jardim","128.20"
"2017-01-01 00:00:00+07","moveis_decoracao","16461.75"
"2017-01-01 00:00:00+07","moveis_escritorio","1817.74"
"2017-01-01 00:00:00+07","moveis_quarto","148.76"
"2017-01-01 00:00:00+07","moveis_sala","1519.22"
"2017-01-01 00:00:00+07","musica","37.24"
"2017-01-01 00:00:00+07","papelaria","1754.61"
"2017-01-01 00:00:00+07","pcs","2217.99"
"2017-01-01 00:00:00+07","perfumaria","5654.01"
"2017-01-01 00:00:00+07","pet_shop","1182.39"
"2017-01-01 00:00:00+07","relogios_presentes","8310.83"
"2017-01-01 00:00:00+07","seguros_e_servicos","209.06"
"2017-01-01 00:00:00+07","telefonia","3411.51"
"2017-01-01 00:00:00+07","telefonia_fixa","969.56"
"2017-01-01 00:00:00+07","Unknown","1915.73"
"2017-01-01 00:00:00+07","utilidades_domesticas","3269.76"
"2017-02-01 00:00:00+07","agro_industria_e_comercio","331.10"
"2017-02-01 00:00:00+07","alimentos","930.20"
"2017-02-01 00:00:00+07","audio","247.85"
"2017-02-01 00:00:00+07","automotivo","14655.14"
"2017-02-01 00:00:00+07","bebes","3714.29"
"2017-02-01 00:00:00+07","beleza_saude","26130.08"
"2017-02-01 00:00:00+07","brinquedos","10533.61"
"2017-02-01 00:00:00+07","cama_mesa_banho","19186.07"
"2017-02-01 00:00:00+07","casa_conforto","471.27"
"2017-02-01 00:00:00+07","casa_construcao","764.57"
"2017-02-01 00:00:00+07","cine_foto","95.24"
"2017-02-01 00:00:00+07","climatizacao","3439.71"
"2017-02-01 00:00:00+07","consoles_games","4637.96"
"2017-02-01 00:00:00+07","construcao_ferramentas_construcao","393.57"
"2017-02-01 00:00:00+07","construcao_ferramentas_jardim","624.68"
"2017-02-01 00:00:00+07","construcao_ferramentas_seguranca","396.86"
"2017-02-01 00:00:00+07","cool_stuff","14857.05"
"2017-02-01 00:00:00+07","dvds_blu_ray","35.70"
"2017-02-01 00:00:00+07","eletrodomesticos","855.40"
"2017-02-01 00:00:00+07","eletrodomesticos_2","30.11"
"2017-02-01 00:00:00+07","eletronicos","1555.50"
"2017-02-01 00:00:00+07","eletroportateis","8022.25"
"2017-02-01 00:00:00+07","esporte_lazer","19212.16"
"2017-02-01 00:00:00+07","fashion_bolsas_e_acessorios","2950.25"
"2017-02-01 00:00:00+07","fashion_calcados","157.37"
"2017-02-01 00:00:00+07","fashion_roupa_feminina","519.77"
"2017-02-01 00:00:00+07","fashion_roupa_masculina","763.02"
"2017-02-01 00:00:00+07","fashion_underwear_e_moda_praia","507.83"
"2017-02-01 00:00:00+07","ferramentas_jardim","14320.23"
"2017-02-01 00:00:00+07","industria_comercio_e_negocios","134.94"
"2017-02-01 00:00:00+07","informatica_acessorios","13744.35"
"2017-02-01 00:00:00+07","instrumentos_musicais","2465.25"
"2017-02-01 00:00:00+07","livros_importados","114.90"
"2017-02-01 00:00:00+07","livros_interesse_geral","950.02"
"2017-02-01 00:00:00+07","livros_tecnicos","182.40"
"2017-02-01 00:00:00+07","malas_acessorios","2136.16"
"2017-02-01 00:00:00+07","market_place","1982.50"
"2017-02-01 00:00:00+07","moveis_cozinha_area_de_servico_jantar_e_jardim","178.33"
"2017-02-01 00:00:00+07","moveis_decoracao","26216.31"
"2017-02-01 00:00:00+07","moveis_escritorio","13900.00"
"2017-02-01 00:00:00+07","moveis_quarto","501.88"
"2017-02-01 00:00:00+07","moveis_sala","4513.97"
"2017-02-01 00:00:00+07","papelaria","2646.03"
"2017-02-01 00:00:00+07","pcs","3602.47"
"2017-02-01 00:00:00+07","perfumaria","8909.60"
"2017-02-01 00:00:00+07","pet_shop","4510.88"
"2017-02-01 00:00:00+07","relogios_presentes","12370.67"
"2017-02-01 00:00:00+07","tablets_impressao_imagem","940.52"
"2017-02-01 00:00:00+07","telefonia","8467.09"
"2017-02-01 00:00:00+07","telefonia_fixa","1124.89"
"2017-02-01 00:00:00+07","Unknown","10090.89"
"2017-02-01 00:00:00+07","utilidades_domesticas","13538.80"
"2017-03-01 00:00:00+07","agro_industria_e_comercio","110.69"
"2017-03-01 00:00:00+07","alimentos","3158.99"
"2017-03-01 00:00:00+07","alimentos_bebidas","132.93"
"2017-03-01 00:00:00+07","artes","320.84"
"2017-03-01 00:00:00+07","audio","1367.40"
"2017-03-01 00:00:00+07","automotivo","15868.43"
"2017-03-01 00:00:00+07","bebes","4486.33"
"2017-03-01 00:00:00+07","bebidas","568.43"
"2017-03-01 00:00:00+07","beleza_saude","29770.32"
"2017-03-01 00:00:00+07","brinquedos","14354.03"
"2017-03-01 00:00:00+07","cama_mesa_banho","30650.01"
"2017-03-01 00:00:00+07","casa_conforto","2380.79"
"2017-03-01 00:00:00+07","casa_conforto_2","390.89"
"2017-03-01 00:00:00+07","casa_construcao","718.69"
"2017-03-01 00:00:00+07","climatizacao","4390.56"
"2017-03-01 00:00:00+07","consoles_games","11496.60"
"2017-03-01 00:00:00+07","construcao_ferramentas_construcao","768.73"
"2017-03-01 00:00:00+07","construcao_ferramentas_seguranca","425.76"
"2017-03-01 00:00:00+07","cool_stuff","23270.13"
"2017-03-01 00:00:00+07","dvds_blu_ray","525.20"
"2017-03-01 00:00:00+07","eletrodomesticos","466.25"
"2017-03-01 00:00:00+07","eletrodomesticos_2","568.43"
"2017-03-01 00:00:00+07","eletronicos","4655.16"
"2017-03-01 00:00:00+07","eletroportateis","12028.55"
"2017-03-01 00:00:00+07","esporte_lazer","31120.69"
"2017-03-01 00:00:00+07","fashion_bolsas_e_acessorios","5893.33"
"2017-03-01 00:00:00+07","fashion_calcados","1746.18"
"2017-03-01 00:00:00+07","fashion_esporte","54.01"
"2017-03-01 00:00:00+07","fashion_roupa_feminina","30.86"
"2017-03-01 00:00:00+07","fashion_roupa_masculina","721.36"
"2017-03-01 00:00:00+07","fashion_underwear_e_moda_praia","460.62"
"2017-03-01 00:00:00+07","ferramentas_jardim","26858.31"
"2017-03-01 00:00:00+07","industria_comercio_e_negocios","282.03"
"2017-03-01 00:00:00+07","informatica_acessorios","31380.88"
"2017-03-01 00:00:00+07","instrumentos_musicais","1887.51"
"2017-03-01 00:00:00+07","livros_interesse_geral","2951.30"
"2017-03-01 00:00:00+07","livros_tecnicos","103.74"
"2017-03-01 00:00:00+07","malas_acessorios","7378.39"
"2017-03-01 00:00:00+07","market_place","2075.96"
"2017-03-01 00:00:00+07","moveis_cozinha_area_de_servico_jantar_e_jardim","169.05"
"2017-03-01 00:00:00+07","moveis_decoracao","29418.34"
"2017-03-01 00:00:00+07","moveis_escritorio","14463.49"
"2017-03-01 00:00:00+07","moveis_sala","4035.67"
"2017-03-01 00:00:00+07","musica","42.51"
"2017-03-01 00:00:00+07","papelaria","6994.89"
"2017-03-01 00:00:00+07","perfumaria","21595.40"
"2017-03-01 00:00:00+07","pet_shop","9151.69"
"2017-03-01 00:00:00+07","relogios_presentes","26248.32"
"2017-03-01 00:00:00+07","sinalizacao_e_seguranca","91.23"
"2017-03-01 00:00:00+07","tablets_impressao_imagem","587.91"
"2017-03-01 00:00:00+07","telefonia","10612.54"
"2017-03-01 00:00:00+07","telefonia_fixa","1644.25"
"2017-03-01 00:00:00+07","Unknown","7697.37"
"2017-03-01 00:00:00+07","utilidades_domesticas","17045.99"
"2017-04-01 00:00:00+07","alimentos","611.15"
"2017-04-01 00:00:00+07","alimentos_bebidas","80.78"
"2017-04-01 00:00:00+07","artes","147.17"
"2017-04-01 00:00:00+07","artigos_de_natal","93.97"
"2017-04-01 00:00:00+07","audio","1103.95"
"2017-04-01 00:00:00+07","automotivo","17799.93"
"2017-04-01 00:00:00+07","bebes","4862.85"
"2017-04-01 00:00:00+07","bebidas","329.17"
"2017-04-01 00:00:00+07","beleza_saude","26227.84"
"2017-04-01 00:00:00+07","brinquedos","14983.58"
"2017-04-01 00:00:00+07","cama_mesa_banho","29007.36"
"2017-04-01 00:00:00+07","casa_conforto","2712.95"
"2017-04-01 00:00:00+07","casa_conforto_2","23.86"
"2017-04-01 00:00:00+07","casa_construcao","1696.94"
"2017-04-01 00:00:00+07","cine_foto","166.31"
"2017-04-01 00:00:00+07","climatizacao","2873.57"
"2017-04-01 00:00:00+07","consoles_games","4072.80"
"2017-04-01 00:00:00+07","construcao_ferramentas_ferramentas","748.27"
"2017-04-01 00:00:00+07","construcao_ferramentas_jardim","1680.57"
"2017-04-01 00:00:00+07","cool_stuff","24179.17"
"2017-04-01 00:00:00+07","dvds_blu_ray","1466.34"
"2017-04-01 00:00:00+07","eletrodomesticos","635.57"
"2017-04-01 00:00:00+07","eletrodomesticos_2","946.97"
"2017-04-01 00:00:00+07","eletronicos","5611.49"
"2017-04-01 00:00:00+07","eletroportateis","24109.81"
"2017-04-01 00:00:00+07","esporte_lazer","28451.28"
"2017-04-01 00:00:00+07","fashion_bolsas_e_acessorios","3996.73"
"2017-04-01 00:00:00+07","fashion_calcados","1946.37"
"2017-04-01 00:00:00+07","fashion_esporte","244.47"
"2017-04-01 00:00:00+07","fashion_roupa_feminina","87.74"
"2017-04-01 00:00:00+07","fashion_roupa_masculina","504.63"
"2017-04-01 00:00:00+07","fashion_underwear_e_moda_praia","159.67"
"2017-04-01 00:00:00+07","ferramentas_jardim","20999.33"
"2017-04-01 00:00:00+07","informatica_acessorios","22018.99"
"2017-04-01 00:00:00+07","instrumentos_musicais","4114.27"
"2017-04-01 00:00:00+07","la_cuisine","34.81"
"2017-04-01 00:00:00+07","livros_importados","33.43"
"2017-04-01 00:00:00+07","livros_interesse_geral","1142.79"
"2017-04-01 00:00:00+07","livros_tecnicos","86.92"
"2017-04-01 00:00:00+07","malas_acessorios","8639.74"
"2017-04-01 00:00:00+07","market_place","4538.03"
"2017-04-01 00:00:00+07","moveis_colchao_e_estofado","130.80"
"2017-04-01 00:00:00+07","moveis_cozinha_area_de_servico_jantar_e_jardim","1282.10"
"2017-04-01 00:00:00+07","moveis_decoracao","25916.33"
"2017-04-01 00:00:00+07","moveis_escritorio","11164.03"
"2017-04-01 00:00:00+07","moveis_quarto","1091.28"
"2017-04-01 00:00:00+07","moveis_sala","2526.11"
"2017-04-01 00:00:00+07","musica","88.84"
"2017-04-01 00:00:00+07","papelaria","5197.20"
"2017-04-01 00:00:00+07","pc_gamer","289.73"
"2017-04-01 00:00:00+07","perfumaria","21648.98"
"2017-04-01 00:00:00+07","pet_shop","7126.84"
"2017-04-01 00:00:00+07","relogios_presentes","25108.84"
"2017-04-01 00:00:00+07","sinalizacao_e_seguranca","183.65"
"2017-04-01 00:00:00+07","tablets_impressao_imagem","1312.23"
"2017-04-01 00:00:00+07","telefonia","9523.97"
"2017-04-01 00:00:00+07","telefonia_fixa","3168.77"
"2017-04-01 00:00:00+07","Unknown","10193.52"
"2017-04-01 00:00:00+07","utilidades_domesticas","16723.82"
"2017-05-01 00:00:00+07","agro_industria_e_comercio","1763.74"
"2017-05-01 00:00:00+07","alimentos","452.25"
"2017-05-01 00:00:00+07","alimentos_bebidas","630.41"
"2017-05-01 00:00:00+07","artes","7365.95"
"2017-05-01 00:00:00+07","artes_e_artesanato","29.66"
"2017-05-01 00:00:00+07","audio","2333.19"
"2017-05-01 00:00:00+07","automotivo","20603.24"
"2017-05-01 00:00:00+07","bebes","11727.82"
"2017-05-01 00:00:00+07","bebidas","112.95"
"2017-05-01 00:00:00+07","beleza_saude","52801.02"
"2017-05-01 00:00:00+07","brinquedos","25767.46"
"2017-05-01 00:00:00+07","cama_mesa_banho","39662.14"
"2017-05-01 00:00:00+07","casa_conforto","5895.17"
"2017-05-01 00:00:00+07","casa_construcao","1731.60"
"2017-05-01 00:00:00+07","cine_foto","91.71"
"2017-05-01 00:00:00+07","climatizacao","1186.69"
"2017-05-01 00:00:00+07","consoles_games","2947.24"
"2017-05-01 00:00:00+07","construcao_ferramentas_construcao","149.40"
"2017-05-01 00:00:00+07","construcao_ferramentas_ferramentas","834.30"
"2017-05-01 00:00:00+07","construcao_ferramentas_jardim","1633.33"
"2017-05-01 00:00:00+07","cool_stuff","38205.96"
"2017-05-01 00:00:00+07","dvds_blu_ray","150.60"
"2017-05-01 00:00:00+07","eletrodomesticos","2371.03"
"2017-05-01 00:00:00+07","eletrodomesticos_2","3453.39"
"2017-05-01 00:00:00+07","eletronicos","7958.75"
"2017-05-01 00:00:00+07","eletroportateis","5727.35"
"2017-05-01 00:00:00+07","esporte_lazer","41875.84"
"2017-05-01 00:00:00+07","fashion_bolsas_e_acessorios","9168.27"
"2017-05-01 00:00:00+07","fashion_calcados","2014.89"
"2017-05-01 00:00:00+07","fashion_esporte","179.48"
"2017-05-01 00:00:00+07","fashion_roupa_feminina","485.63"
"2017-05-01 00:00:00+07","fashion_roupa_infanto_juvenil","124.52"
"2017-05-01 00:00:00+07","fashion_roupa_masculina","676.21"
"2017-05-01 00:00:00+07","fashion_underwear_e_moda_praia","369.26"
"2017-05-01 00:00:00+07","ferramentas_jardim","23997.74"
"2017-05-01 00:00:00+07","industria_comercio_e_negocios","552.22"
"2017-05-01 00:00:00+07","informatica_acessorios","51021.20"
"2017-05-01 00:00:00+07","instrumentos_musicais","10534.16"
"2017-05-01 00:00:00+07","la_cuisine","232.19"
"2017-05-01 00:00:00+07","livros_interesse_geral","2199.17"
"2017-05-01 00:00:00+07","livros_tecnicos","316.46"
"2017-05-01 00:00:00+07","malas_acessorios","14860.09"
"2017-05-01 00:00:00+07","market_place","2859.28"
"2017-05-01 00:00:00+07","moveis_colchao_e_estofado","731.88"
"2017-05-01 00:00:00+07","moveis_cozinha_area_de_servico_jantar_e_jardim","1637.21"
"2017-05-01 00:00:00+07","moveis_decoracao","29971.21"
"2017-05-01 00:00:00+07","moveis_escritorio","10019.71"
"2017-05-01 00:00:00+07","moveis_quarto","2658.95"
"2017-05-01 00:00:00+07","moveis_sala","6240.77"
"2017-05-01 00:00:00+07","papelaria","7147.63"
"2017-05-01 00:00:00+07","pc_gamer","138.15"
"2017-05-01 00:00:00+07","perfumaria","22397.27"
"2017-05-01 00:00:00+07","pet_shop","9646.52"
"2017-05-01 00:00:00+07","relogios_presentes","40194.45"
"2017-05-01 00:00:00+07","sinalizacao_e_seguranca","775.94"
"2017-05-01 00:00:00+07","tablets_impressao_imagem","1607.02"
"2017-05-01 00:00:00+07","telefonia","12430.44"
"2017-05-01 00:00:00+07","telefonia_fixa","607.63"
"2017-05-01 00:00:00+07","Unknown","12715.22"
"2017-05-01 00:00:00+07","utilidades_domesticas","26737.87"
"2017-06-01 00:00:00+07","agro_industria_e_comercio","1422.05"
"2017-06-01 00:00:00+07","alimentos","171.79"
"2017-06-01 00:00:00+07","alimentos_bebidas","82.78"
"2017-06-01 00:00:00+07","artes","631.79"
"2017-06-01 00:00:00+07","artigos_de_natal","246.25"
"2017-06-01 00:00:00+07","audio","1818.24"
"2017-06-01 00:00:00+07","automotivo","31667.20"
"2017-06-01 00:00:00+07","bebes","9258.05"
"2017-06-01 00:00:00+07","bebidas","69.20"
"2017-06-01 00:00:00+07","beleza_saude","37211.48"
"2017-06-01 00:00:00+07","brinquedos","18127.09"
"2017-06-01 00:00:00+07","cama_mesa_banho","41684.51"
"2017-06-01 00:00:00+07","casa_conforto","3352.70"
"2017-06-01 00:00:00+07","casa_conforto_2","28.00"
"2017-06-01 00:00:00+07","casa_construcao","2141.18"
"2017-06-01 00:00:00+07","cine_foto","112.91"
"2017-06-01 00:00:00+07","climatizacao","2288.52"
"2017-06-01 00:00:00+07","consoles_games","5954.62"
"2017-06-01 00:00:00+07","construcao_ferramentas_construcao","475.31"
"2017-06-01 00:00:00+07","construcao_ferramentas_jardim","500.40"
"2017-06-01 00:00:00+07","cool_stuff","42730.63"
"2017-06-01 00:00:00+07","dvds_blu_ray","199.74"
"2017-06-01 00:00:00+07","eletrodomesticos","3143.60"
"2017-06-01 00:00:00+07","eletrodomesticos_2","1435.07"
"2017-06-01 00:00:00+07","eletronicos","2675.70"
"2017-06-01 00:00:00+07","eletroportateis","10342.28"
"2017-06-01 00:00:00+07","esporte_lazer","38854.59"
"2017-06-01 00:00:00+07","fashion_bolsas_e_acessorios","8134.62"
"2017-06-01 00:00:00+07","fashion_calcados","1735.87"
"2017-06-01 00:00:00+07","fashion_esporte","607.49"
"2017-06-01 00:00:00+07","fashion_roupa_feminina","199.30"
"2017-06-01 00:00:00+07","fashion_roupa_infanto_juvenil","118.96"
"2017-06-01 00:00:00+07","fashion_roupa_masculina","754.82"
"2017-06-01 00:00:00+07","fashion_underwear_e_moda_praia","19.00"
"2017-06-01 00:00:00+07","ferramentas_jardim","18596.95"
"2017-06-01 00:00:00+07","industria_comercio_e_negocios","342.17"
"2017-06-01 00:00:00+07","informatica_acessorios","41621.82"
"2017-06-01 00:00:00+07","instrumentos_musicais","5515.32"
"2017-06-01 00:00:00+07","livros_importados","129.20"
"2017-06-01 00:00:00+07","livros_interesse_geral","2337.34"
"2017-06-01 00:00:00+07","livros_tecnicos","188.53"
"2017-06-01 00:00:00+07","malas_acessorios","10294.04"
"2017-06-01 00:00:00+07","market_place","1491.86"
"2017-06-01 00:00:00+07","moveis_cozinha_area_de_servico_jantar_e_jardim","542.59"
"2017-06-01 00:00:00+07","moveis_decoracao","21970.99"
"2017-06-01 00:00:00+07","moveis_escritorio","9095.80"
"2017-06-01 00:00:00+07","moveis_quarto","351.68"
"2017-06-01 00:00:00+07","moveis_sala","2242.91"
"2017-06-01 00:00:00+07","musica","1141.12"
"2017-06-01 00:00:00+07","papelaria","4176.05"
"2017-06-01 00:00:00+07","pc_gamer","156.18"
"2017-06-01 00:00:00+07","perfumaria","26938.58"
"2017-06-01 00:00:00+07","pet_shop","6445.03"
"2017-06-01 00:00:00+07","portateis_casa_forno_e_cafe","88.65"
"2017-06-01 00:00:00+07","relogios_presentes","30367.42"
"2017-06-01 00:00:00+07","sinalizacao_e_seguranca","345.40"
"2017-06-01 00:00:00+07","tablets_impressao_imagem","679.17"
"2017-06-01 00:00:00+07","telefonia","9177.40"
"2017-06-01 00:00:00+07","telefonia_fixa","1141.43"
"2017-06-01 00:00:00+07","Unknown","6427.68"
"2017-06-01 00:00:00+07","utilidades_domesticas","29651.19"
"2017-07-01 00:00:00+07","agro_industria_e_comercio","1199.47"
"2017-07-01 00:00:00+07","alimentos","754.19"
"2017-07-01 00:00:00+07","alimentos_bebidas","261.68"
"2017-07-01 00:00:00+07","artes","424.90"
"2017-07-01 00:00:00+07","artes_e_artesanato","145.56"
"2017-07-01 00:00:00+07","artigos_de_festas","83.41"
"2017-07-01 00:00:00+07","artigos_de_natal","98.05"
"2017-07-01 00:00:00+07","audio","883.23"
"2017-07-01 00:00:00+07","automotivo","16455.05"
"2017-07-01 00:00:00+07","bebes","18222.97"
"2017-07-01 00:00:00+07","bebidas","348.08"
"2017-07-01 00:00:00+07","beleza_saude","40276.47"
"2017-07-01 00:00:00+07","brinquedos","28179.86"
"2017-07-01 00:00:00+07","cama_mesa_banho","74560.35"
"2017-07-01 00:00:00+07","casa_conforto","5401.43"
"2017-07-01 00:00:00+07","casa_conforto_2","28.00"
"2017-07-01 00:00:00+07","casa_construcao","123.80"
"2017-07-01 00:00:00+07","cds_dvds_musicais","299.38"
"2017-07-01 00:00:00+07","climatizacao","1493.13"
"2017-07-01 00:00:00+07","consoles_games","6553.58"
"2017-07-01 00:00:00+07","construcao_ferramentas_construcao","822.97"
"2017-07-01 00:00:00+07","construcao_ferramentas_iluminacao","401.45"
"2017-07-01 00:00:00+07","construcao_ferramentas_jardim","473.37"
"2017-07-01 00:00:00+07","cool_stuff","42328.60"
"2017-07-01 00:00:00+07","dvds_blu_ray","830.99"
"2017-07-01 00:00:00+07","eletrodomesticos","4336.18"
"2017-07-01 00:00:00+07","eletrodomesticos_2","1306.88"
"2017-07-01 00:00:00+07","eletronicos","9103.81"
"2017-07-01 00:00:00+07","eletroportateis","4725.35"
"2017-07-01 00:00:00+07","esporte_lazer","44746.96"
"2017-07-01 00:00:00+07","fashion_bolsas_e_acessorios","6315.45"
"2017-07-01 00:00:00+07","fashion_calcados","1606.71"
"2017-07-01 00:00:00+07","fashion_esporte","77.68"
"2017-07-01 00:00:00+07","fashion_roupa_feminina","364.40"
"2017-07-01 00:00:00+07","fashion_roupa_masculina","860.33"
"2017-07-01 00:00:00+07","fashion_underwear_e_moda_praia","314.48"
"2017-07-01 00:00:00+07","ferramentas_jardim","24203.06"
"2017-07-01 00:00:00+07","industria_comercio_e_negocios","352.25"
"2017-07-01 00:00:00+07","informatica_acessorios","44476.44"
"2017-07-01 00:00:00+07","instrumentos_musicais","8030.27"
"2017-07-01 00:00:00+07","la_cuisine","559.23"
"2017-07-01 00:00:00+07","livros_interesse_geral","1545.28"
"2017-07-01 00:00:00+07","livros_tecnicos","580.88"
"2017-07-01 00:00:00+07","malas_acessorios","10305.01"
"2017-07-01 00:00:00+07","market_place","1799.95"
"2017-07-01 00:00:00+07","moveis_colchao_e_estofado","178.53"
"2017-07-01 00:00:00+07","moveis_cozinha_area_de_servico_jantar_e_jardim","1657.56"
"2017-07-01 00:00:00+07","moveis_decoracao","30630.86"
"2017-07-01 00:00:00+07","moveis_escritorio","21267.13"
"2017-07-01 00:00:00+07","moveis_quarto","1596.63"
"2017-07-01 00:00:00+07","moveis_sala","5375.86"
"2017-07-01 00:00:00+07","musica","350.54"
"2017-07-01 00:00:00+07","papelaria","8275.58"
"2017-07-01 00:00:00+07","perfumaria","14710.03"
"2017-07-01 00:00:00+07","pet_shop","8318.98"
"2017-07-01 00:00:00+07","relogios_presentes","38362.70"
"2017-07-01 00:00:00+07","sinalizacao_e_seguranca","684.79"
"2017-07-01 00:00:00+07","tablets_impressao_imagem","219.63"
"2017-07-01 00:00:00+07","telefonia","11204.83"
"2017-07-01 00:00:00+07","telefonia_fixa","348.27"
"2017-07-01 00:00:00+07","Unknown","3881.75"
"2017-07-01 00:00:00+07","utilidades_domesticas","25429.49"
"2017-08-01 00:00:00+07","agro_industria_e_comercio","224.60"
"2017-08-01 00:00:00+07","alimentos","500.23"
"2017-08-01 00:00:00+07","alimentos_bebidas","728.95"
"2017-08-01 00:00:00+07","artes","317.06"
"2017-08-01 00:00:00+07","artigos_de_natal","76.88"
"2017-08-01 00:00:00+07","audio","1146.44"
"2017-08-01 00:00:00+07","automotivo","23413.74"
"2017-08-01 00:00:00+07","bebes","22905.19"
"2017-08-01 00:00:00+07","bebidas","148.77"
"2017-08-01 00:00:00+07","beleza_saude","56191.40"
"2017-08-01 00:00:00+07","brinquedos","21140.42"
"2017-08-01 00:00:00+07","cama_mesa_banho","66212.90"
"2017-08-01 00:00:00+07","casa_conforto","4536.12"
"2017-08-01 00:00:00+07","casa_conforto_2","69.91"
"2017-08-01 00:00:00+07","casa_construcao","141.43"
"2017-08-01 00:00:00+07","cds_dvds_musicais","177.16"
"2017-08-01 00:00:00+07","climatizacao","4563.49"
"2017-08-01 00:00:00+07","consoles_games","10402.29"
"2017-08-01 00:00:00+07","construcao_ferramentas_construcao","1394.33"
"2017-08-01 00:00:00+07","construcao_ferramentas_iluminacao","670.98"
"2017-08-01 00:00:00+07","construcao_ferramentas_jardim","1483.00"
"2017-08-01 00:00:00+07","construcao_ferramentas_seguranca","24.69"
"2017-08-01 00:00:00+07","cool_stuff","44799.62"
"2017-08-01 00:00:00+07","dvds_blu_ray","231.83"
"2017-08-01 00:00:00+07","eletrodomesticos","5548.78"
"2017-08-01 00:00:00+07","eletrodomesticos_2","4355.28"
"2017-08-01 00:00:00+07","eletronicos","3765.86"
"2017-08-01 00:00:00+07","eletroportateis","4838.18"
"2017-08-01 00:00:00+07","esporte_lazer","49495.35"
"2017-08-01 00:00:00+07","fashion_bolsas_e_acessorios","8041.89"
"2017-08-01 00:00:00+07","fashion_calcados","1856.37"
"2017-08-01 00:00:00+07","fashion_esporte","389.44"
"2017-08-01 00:00:00+07","fashion_roupa_feminina","235.65"
"2017-08-01 00:00:00+07","fashion_roupa_infanto_juvenil","66.69"
"2017-08-01 00:00:00+07","fashion_roupa_masculina","1444.32"
"2017-08-01 00:00:00+07","fashion_underwear_e_moda_praia","1308.87"
"2017-08-01 00:00:00+07","ferramentas_jardim","29016.03"
"2017-08-01 00:00:00+07","industria_comercio_e_negocios","1043.95"
"2017-08-01 00:00:00+07","informatica_acessorios","40946.28"
"2017-08-01 00:00:00+07","instrumentos_musicais","7703.20"
"2017-08-01 00:00:00+07","la_cuisine","373.52"
"2017-08-01 00:00:00+07","livros_importados","70.34"
"2017-08-01 00:00:00+07","livros_interesse_geral","2734.45"
"2017-08-01 00:00:00+07","livros_tecnicos","1324.98"
"2017-08-01 00:00:00+07","malas_acessorios","8510.77"
"2017-08-01 00:00:00+07","market_place","2360.93"
"2017-08-01 00:00:00+07","moveis_colchao_e_estofado","633.66"
"2017-08-01 00:00:00+07","moveis_cozinha_area_de_servico_jantar_e_jardim","1231.29"
"2017-08-01 00:00:00+07","moveis_decoracao","43979.89"
"2017-08-01 00:00:00+07","moveis_escritorio","12389.04"
"2017-08-01 00:00:00+07","moveis_quarto","702.36"
"2017-08-01 00:00:00+07","moveis_sala","3158.06"
"2017-08-01 00:00:00+07","papelaria","7885.50"
"2017-08-01 00:00:00+07","pcs","34826.00"
"2017-08-01 00:00:00+07","perfumaria","15050.36"
"2017-08-01 00:00:00+07","pet_shop","12222.61"
"2017-08-01 00:00:00+07","portateis_casa_forno_e_cafe","133.86"
"2017-08-01 00:00:00+07","relogios_presentes","39578.95"
"2017-08-01 00:00:00+07","sinalizacao_e_seguranca","443.47"
"2017-08-01 00:00:00+07","tablets_impressao_imagem","557.82"
"2017-08-01 00:00:00+07","telefonia","13104.72"
"2017-08-01 00:00:00+07","telefonia_fixa","3640.31"
"2017-08-01 00:00:00+07","Unknown","6473.18"
"2017-08-01 00:00:00+07","utilidades_domesticas","28959.88"
"2017-09-01 00:00:00+07","agro_industria_e_comercio","2119.69"
"2017-09-01 00:00:00+07","alimentos","1239.20"
"2017-09-01 00:00:00+07","alimentos_bebidas","444.78"
"2017-09-01 00:00:00+07","artes","435.85"
"2017-09-01 00:00:00+07","artigos_de_festas","303.20"
"2017-09-01 00:00:00+07","artigos_de_natal","318.28"
"2017-09-01 00:00:00+07","audio","1191.79"
"2017-09-01 00:00:00+07","automotivo","16931.46"
"2017-09-01 00:00:00+07","bebes","28197.00"
"2017-09-01 00:00:00+07","bebidas","359.28"
"2017-09-01 00:00:00+07","beleza_saude","59101.68"
"2017-09-01 00:00:00+07","brinquedos","36461.16"
"2017-09-01 00:00:00+07","cama_mesa_banho","62177.20"
"2017-09-01 00:00:00+07","casa_conforto","5273.36"
"2017-09-01 00:00:00+07","casa_conforto_2","29.69"
"2017-09-01 00:00:00+07","casa_construcao","1759.36"
"2017-09-01 00:00:00+07","cine_foto","102.84"
"2017-09-01 00:00:00+07","climatizacao","1782.09"
"2017-09-01 00:00:00+07","consoles_games","9500.57"
"2017-09-01 00:00:00+07","construcao_ferramentas_construcao","1487.04"
"2017-09-01 00:00:00+07","construcao_ferramentas_ferramentas","976.08"
"2017-09-01 00:00:00+07","construcao_ferramentas_iluminacao","258.98"
"2017-09-01 00:00:00+07","construcao_ferramentas_jardim","401.47"
"2017-09-01 00:00:00+07","construcao_ferramentas_seguranca","1202.29"
"2017-09-01 00:00:00+07","cool_stuff","42659.31"
"2017-09-01 00:00:00+07","dvds_blu_ray","91.06"
"2017-09-01 00:00:00+07","eletrodomesticos","2197.28"
"2017-09-01 00:00:00+07","eletrodomesticos_2","1928.62"
"2017-09-01 00:00:00+07","eletronicos","5557.35"
"2017-09-01 00:00:00+07","eletroportateis","11289.34"
"2017-09-01 00:00:00+07","esporte_lazer","58838.49"
"2017-09-01 00:00:00+07","fashion_bolsas_e_acessorios","13962.07"
"2017-09-01 00:00:00+07","fashion_calcados","1443.70"
"2017-09-01 00:00:00+07","fashion_esporte","500.82"
"2017-09-01 00:00:00+07","fashion_roupa_feminina","430.31"
"2017-09-01 00:00:00+07","fashion_roupa_infanto_juvenil","107.06"
"2017-09-01 00:00:00+07","fashion_roupa_masculina","1388.19"
"2017-09-01 00:00:00+07","fashion_underwear_e_moda_praia","2056.22"
"2017-09-01 00:00:00+07","ferramentas_jardim","27359.83"
"2017-09-01 00:00:00+07","industria_comercio_e_negocios","251.71"
"2017-09-01 00:00:00+07","informatica_acessorios","33981.36"
"2017-09-01 00:00:00+07","instrumentos_musicais","9709.55"
"2017-09-01 00:00:00+07","livros_importados","327.56"
"2017-09-01 00:00:00+07","livros_interesse_geral","1199.59"
"2017-09-01 00:00:00+07","livros_tecnicos","1136.91"
"2017-09-01 00:00:00+07","malas_acessorios","4859.69"
"2017-09-01 00:00:00+07","market_place","1349.62"
"2017-09-01 00:00:00+07","moveis_colchao_e_estofado","133.82"
"2017-09-01 00:00:00+07","moveis_cozinha_area_de_servico_jantar_e_jardim","602.66"
"2017-09-01 00:00:00+07","moveis_decoracao","38257.32"
"2017-09-01 00:00:00+07","moveis_escritorio","11522.44"
"2017-09-01 00:00:00+07","moveis_quarto","923.98"
"2017-09-01 00:00:00+07","moveis_sala","1562.83"
"2017-09-01 00:00:00+07","papelaria","7236.17"
"2017-09-01 00:00:00+07","pcs","54631.56"
"2017-09-01 00:00:00+07","perfumaria","17064.05"
"2017-09-01 00:00:00+07","pet_shop","9875.16"
"2017-09-01 00:00:00+07","portateis_casa_forno_e_cafe","673.47"
"2017-09-01 00:00:00+07","relogios_presentes","51283.89"
"2017-09-01 00:00:00+07","seguros_e_servicos","115.45"
"2017-09-01 00:00:00+07","sinalizacao_e_seguranca","536.55"
"2017-09-01 00:00:00+07","tablets_impressao_imagem","279.88"
"2017-09-01 00:00:00+07","telefonia","21537.96"
"2017-09-01 00:00:00+07","telefonia_fixa","13990.19"
"2017-09-01 00:00:00+07","Unknown","7073.87"
"2017-09-01 00:00:00+07","utilidades_domesticas","25121.49"
"2017-10-01 00:00:00+07","agro_industria_e_comercio","3558.43"
"2017-10-01 00:00:00+07","alimentos","1022.42"
"2017-10-01 00:00:00+07","alimentos_bebidas","2654.99"
"2017-10-01 00:00:00+07","artes","400.45"
"2017-10-01 00:00:00+07","artigos_de_festas","163.87"
"2017-10-01 00:00:00+07","artigos_de_natal","531.24"
"2017-10-01 00:00:00+07","audio","2701.05"
"2017-10-01 00:00:00+07","automotivo","24907.86"
"2017-10-01 00:00:00+07","bebes","19625.73"
"2017-10-01 00:00:00+07","bebidas","752.72"
"2017-10-01 00:00:00+07","beleza_saude","48782.32"
"2017-10-01 00:00:00+07","brinquedos","39304.74"
"2017-10-01 00:00:00+07","cama_mesa_banho","55448.85"
"2017-10-01 00:00:00+07","casa_conforto","4072.65"
"2017-10-01 00:00:00+07","casa_conforto_2","140.00"
"2017-10-01 00:00:00+07","casa_construcao","4752.21"
"2017-10-01 00:00:00+07","cds_dvds_musicais","61.11"
"2017-10-01 00:00:00+07","cine_foto","107.00"
"2017-10-01 00:00:00+07","climatizacao","2869.90"
"2017-10-01 00:00:00+07","consoles_games","12234.17"
"2017-10-01 00:00:00+07","construcao_ferramentas_construcao","3024.83"
"2017-10-01 00:00:00+07","construcao_ferramentas_ferramentas","1119.96"
"2017-10-01 00:00:00+07","construcao_ferramentas_iluminacao","651.10"
"2017-10-01 00:00:00+07","construcao_ferramentas_jardim","888.16"
"2017-10-01 00:00:00+07","construcao_ferramentas_seguranca","1918.55"
"2017-10-01 00:00:00+07","cool_stuff","51096.06"
"2017-10-01 00:00:00+07","dvds_blu_ray","269.10"
"2017-10-01 00:00:00+07","eletrodomesticos","2233.28"
"2017-10-01 00:00:00+07","eletrodomesticos_2","3188.82"
"2017-10-01 00:00:00+07","eletronicos","4563.16"
"2017-10-01 00:00:00+07","eletroportateis","7124.64"
"2017-10-01 00:00:00+07","esporte_lazer","57961.74"
"2017-10-01 00:00:00+07","fashion_bolsas_e_acessorios","9229.10"
"2017-10-01 00:00:00+07","fashion_calcados","2194.58"
"2017-10-01 00:00:00+07","fashion_esporte","68.62"
"2017-10-01 00:00:00+07","fashion_roupa_infanto_juvenil","54.09"
"2017-10-01 00:00:00+07","fashion_roupa_masculina","1201.37"
"2017-10-01 00:00:00+07","fashion_underwear_e_moda_praia","222.95"
"2017-10-01 00:00:00+07","ferramentas_jardim","32526.88"
"2017-10-01 00:00:00+07","industria_comercio_e_negocios","2468.18"
"2017-10-01 00:00:00+07","informatica_acessorios","48959.57"
"2017-10-01 00:00:00+07","instrumentos_musicais","7202.53"
"2017-10-01 00:00:00+07","la_cuisine","160.83"
"2017-10-01 00:00:00+07","livros_interesse_geral","929.87"
"2017-10-01 00:00:00+07","livros_tecnicos","988.25"
"2017-10-01 00:00:00+07","malas_acessorios","7717.36"
"2017-10-01 00:00:00+07","market_place","1178.12"
"2017-10-01 00:00:00+07","moveis_cozinha_area_de_servico_jantar_e_jardim","4295.41"
"2017-10-01 00:00:00+07","moveis_decoracao","37680.48"
"2017-10-01 00:00:00+07","moveis_escritorio","21926.23"
"2017-10-01 00:00:00+07","moveis_quarto","1411.85"
"2017-10-01 00:00:00+07","moveis_sala","2008.98"
"2017-10-01 00:00:00+07","musica","70.03"
"2017-10-01 00:00:00+07","papelaria","10500.66"
"2017-10-01 00:00:00+07","pcs","41683.94"
"2017-10-01 00:00:00+07","perfumaria","20066.90"
"2017-10-01 00:00:00+07","pet_shop","9623.98"
"2017-10-01 00:00:00+07","relogios_presentes","70012.91"
"2017-10-01 00:00:00+07","sinalizacao_e_seguranca","907.70"
"2017-10-01 00:00:00+07","tablets_impressao_imagem","111.19"
"2017-10-01 00:00:00+07","telefonia","26812.39"
"2017-10-01 00:00:00+07","telefonia_fixa","3906.03"
"2017-10-01 00:00:00+07","Unknown","20240.71"
"2017-10-01 00:00:00+07","utilidades_domesticas","20263.23"
"2017-11-01 00:00:00+07","agro_industria_e_comercio","14610.32"
"2017-11-01 00:00:00+07","alimentos","771.28"
"2017-11-01 00:00:00+07","alimentos_bebidas","3031.35"
"2017-11-01 00:00:00+07","artes","92.78"
"2017-11-01 00:00:00+07","artigos_de_festas","934.34"
"2017-11-01 00:00:00+07","artigos_de_natal","1771.05"
"2017-11-01 00:00:00+07","audio","4195.14"
"2017-11-01 00:00:00+07","automotivo","40620.43"
"2017-11-01 00:00:00+07","bebes","25793.20"
"2017-11-01 00:00:00+07","bebidas","1003.68"
"2017-11-01 00:00:00+07","beleza_saude","89473.58"
"2017-11-01 00:00:00+07","brinquedos","73694.68"
"2017-11-01 00:00:00+07","cama_mesa_banho","106395.47"
"2017-11-01 00:00:00+07","casa_conforto","6245.13"
"2017-11-01 00:00:00+07","casa_conforto_2","80.75"
"2017-11-01 00:00:00+07","casa_construcao","5726.54"
"2017-11-01 00:00:00+07","cds_dvds_musicais","224.82"
"2017-11-01 00:00:00+07","cine_foto","259.94"
"2017-11-01 00:00:00+07","climatizacao","4513.56"
"2017-11-01 00:00:00+07","consoles_games","14453.02"
"2017-11-01 00:00:00+07","construcao_ferramentas_construcao","8596.29"
"2017-11-01 00:00:00+07","construcao_ferramentas_ferramentas","349.54"
"2017-11-01 00:00:00+07","construcao_ferramentas_iluminacao","2606.99"
"2017-11-01 00:00:00+07","construcao_ferramentas_jardim","1578.65"
"2017-11-01 00:00:00+07","construcao_ferramentas_seguranca","3560.71"
"2017-11-01 00:00:00+07","cool_stuff","62902.07"
"2017-11-01 00:00:00+07","dvds_blu_ray","145.67"
"2017-11-01 00:00:00+07","eletrodomesticos","5069.98"
"2017-11-01 00:00:00+07","eletrodomesticos_2","5428.50"
"2017-11-01 00:00:00+07","eletronicos","12947.72"
"2017-11-01 00:00:00+07","eletroportateis","8498.89"
"2017-11-01 00:00:00+07","esporte_lazer","74407.82"
"2017-11-01 00:00:00+07","fashion_bolsas_e_acessorios","16082.77"
"2017-11-01 00:00:00+07","fashion_calcados","2032.53"
"2017-11-01 00:00:00+07","fashion_esporte","67.68"
"2017-11-01 00:00:00+07","fashion_roupa_feminina","115.92"
"2017-11-01 00:00:00+07","fashion_roupa_masculina","1041.68"
"2017-11-01 00:00:00+07","fashion_underwear_e_moda_praia","1391.86"
"2017-11-01 00:00:00+07","ferramentas_jardim","57684.00"
"2017-11-01 00:00:00+07","flores","269.29"
"2017-11-01 00:00:00+07","industria_comercio_e_negocios","2350.58"
"2017-11-01 00:00:00+07","informatica_acessorios","81858.96"
"2017-11-01 00:00:00+07","instrumentos_musicais","17459.62"
"2017-11-01 00:00:00+07","la_cuisine","137.11"
"2017-11-01 00:00:00+07","livros_importados","372.50"
"2017-11-01 00:00:00+07","livros_interesse_geral","3185.27"
"2017-11-01 00:00:00+07","livros_tecnicos","863.82"
"2017-11-01 00:00:00+07","malas_acessorios","10732.03"
"2017-11-01 00:00:00+07","market_place","1682.61"
"2017-11-01 00:00:00+07","moveis_colchao_e_estofado","412.81"
"2017-11-01 00:00:00+07","moveis_cozinha_area_de_servico_jantar_e_jardim","6387.13"
"2017-11-01 00:00:00+07","moveis_decoracao","77824.92"
"2017-11-01 00:00:00+07","moveis_escritorio","22864.48"
"2017-11-01 00:00:00+07","moveis_quarto","1050.46"
"2017-11-01 00:00:00+07","moveis_sala","7657.90"
"2017-11-01 00:00:00+07","papelaria","20139.56"
"2017-11-01 00:00:00+07","pcs","10060.40"
"2017-11-01 00:00:00+07","perfumaria","36718.19"
"2017-11-01 00:00:00+07","pet_shop","13351.80"
"2017-11-01 00:00:00+07","relogios_presentes","104495.45"
"2017-11-01 00:00:00+07","sinalizacao_e_seguranca","792.79"
"2017-11-01 00:00:00+07","tablets_impressao_imagem","442.39"
"2017-11-01 00:00:00+07","telefonia","32415.96"
"2017-11-01 00:00:00+07","telefonia_fixa","1036.48"
"2017-11-01 00:00:00+07","Unknown","16232.96"
"2017-11-01 00:00:00+07","utilidades_domesticas","42995.88"
"2017-12-01 00:00:00+07","agro_industria_e_comercio","5664.04"
"2017-12-01 00:00:00+07","alimentos","1167.94"
"2017-12-01 00:00:00+07","alimentos_bebidas","1484.86"
"2017-12-01 00:00:00+07","artes","163.39"
"2017-12-01 00:00:00+07","artigos_de_festas","549.92"
"2017-12-01 00:00:00+07","artigos_de_natal","794.97"
"2017-12-01 00:00:00+07","audio","2941.12"
"2017-12-01 00:00:00+07","automotivo","45123.01"
"2017-12-01 00:00:00+07","bebes","22762.46"
"2017-12-01 00:00:00+07","bebidas","2574.41"
"2017-12-01 00:00:00+07","beleza_saude","69584.90"
"2017-12-01 00:00:00+07","brinquedos","65583.44"
"2017-12-01 00:00:00+07","cama_mesa_banho","59896.26"
"2017-12-01 00:00:00+07","casa_conforto","2544.89"
"2017-12-01 00:00:00+07","casa_construcao","8006.27"
"2017-12-01 00:00:00+07","cds_dvds_musicais","74.94"
"2017-12-01 00:00:00+07","climatizacao","722.34"
"2017-12-01 00:00:00+07","consoles_games","10409.48"
"2017-12-01 00:00:00+07","construcao_ferramentas_construcao","6566.50"
"2017-12-01 00:00:00+07","construcao_ferramentas_ferramentas","457.82"
"2017-12-01 00:00:00+07","construcao_ferramentas_iluminacao","206.46"
"2017-12-01 00:00:00+07","construcao_ferramentas_jardim","1097.75"
"2017-12-01 00:00:00+07","construcao_ferramentas_seguranca","1525.46"
"2017-12-01 00:00:00+07","cool_stuff","43464.93"
"2017-12-01 00:00:00+07","dvds_blu_ray","135.49"
"2017-12-01 00:00:00+07","eletrodomesticos","1672.84"
"2017-12-01 00:00:00+07","eletrodomesticos_2","2272.45"
"2017-12-01 00:00:00+07","eletronicos","11995.77"
"2017-12-01 00:00:00+07","eletroportateis","9589.66"
"2017-12-01 00:00:00+07","esporte_lazer","69143.93"
"2017-12-01 00:00:00+07","fashion_bolsas_e_acessorios","12027.60"
"2017-12-01 00:00:00+07","fashion_calcados","1305.46"
"2017-12-01 00:00:00+07","fashion_esporte","76.76"
"2017-12-01 00:00:00+07","fashion_roupa_masculina","532.14"
"2017-12-01 00:00:00+07","fashion_underwear_e_moda_praia","1359.62"
"2017-12-01 00:00:00+07","ferramentas_jardim","34798.80"
"2017-12-01 00:00:00+07","flores","112.98"
"2017-12-01 00:00:00+07","fraldas_higiene","99.70"
"2017-12-01 00:00:00+07","industria_comercio_e_negocios","2009.86"
"2017-12-01 00:00:00+07","informatica_acessorios","43488.75"
"2017-12-01 00:00:00+07","instrumentos_musicais","11689.59"
"2017-12-01 00:00:00+07","livros_importados","271.06"
"2017-12-01 00:00:00+07","livros_interesse_geral","2989.22"
"2017-12-01 00:00:00+07","livros_tecnicos","735.96"
"2017-12-01 00:00:00+07","malas_acessorios","7437.89"
"2017-12-01 00:00:00+07","market_place","884.26"
"2017-12-01 00:00:00+07","moveis_colchao_e_estofado","1088.40"
"2017-12-01 00:00:00+07","moveis_cozinha_area_de_servico_jantar_e_jardim","5265.02"
"2017-12-01 00:00:00+07","moveis_decoracao","39361.15"
"2017-12-01 00:00:00+07","moveis_escritorio","8769.28"
"2017-12-01 00:00:00+07","moveis_quarto","230.75"
"2017-12-01 00:00:00+07","moveis_sala","2940.88"
"2017-12-01 00:00:00+07","papelaria","30519.99"
"2017-12-01 00:00:00+07","pcs","17916.27"
"2017-12-01 00:00:00+07","perfumaria","31594.52"
"2017-12-01 00:00:00+07","pet_shop","8757.26"
"2017-12-01 00:00:00+07","relogios_presentes","77152.97"
"2017-12-01 00:00:00+07","sinalizacao_e_seguranca","842.44"
"2017-12-01 00:00:00+07","tablets_impressao_imagem","475.02"
"2017-12-01 00:00:00+07","telefonia","17383.24"
"2017-12-01 00:00:00+07","telefonia_fixa","1095.81"
"2017-12-01 00:00:00+07","Unknown","18204.11"
"2017-12-01 00:00:00+07","utilidades_domesticas","31932.31"
"2018-01-01 00:00:00+07","agro_industria_e_comercio","6296.51"
"2018-01-01 00:00:00+07","alimentos","1133.07"
"2018-01-01 00:00:00+07","alimentos_bebidas","529.22"
"2018-01-01 00:00:00+07","artes","2864.21"
"2018-01-01 00:00:00+07","artigos_de_festas","170.26"
"2018-01-01 00:00:00+07","artigos_de_natal","1104.46"
"2018-01-01 00:00:00+07","audio","4233.39"
"2018-01-01 00:00:00+07","automotivo","41132.68"
"2018-01-01 00:00:00+07","bebes","34779.57"
"2018-01-01 00:00:00+07","bebidas","3063.59"
"2018-01-01 00:00:00+07","beleza_saude","82902.70"
"2018-01-01 00:00:00+07","brinquedos","24841.38"
"2018-01-01 00:00:00+07","cama_mesa_banho","90705.85"
"2018-01-01 00:00:00+07","casa_conforto","3435.61"
"2018-01-01 00:00:00+07","casa_construcao","6758.04"
"2018-01-01 00:00:00+07","cine_foto","223.78"
"2018-01-01 00:00:00+07","climatizacao","5177.52"
"2018-01-01 00:00:00+07","consoles_games","9082.49"
"2018-01-01 00:00:00+07","construcao_ferramentas_construcao","10753.32"
"2018-01-01 00:00:00+07","construcao_ferramentas_ferramentas","695.13"
"2018-01-01 00:00:00+07","construcao_ferramentas_iluminacao","2554.77"
"2018-01-01 00:00:00+07","construcao_ferramentas_jardim","4505.74"
"2018-01-01 00:00:00+07","construcao_ferramentas_seguranca","2424.76"
"2018-01-01 00:00:00+07","cool_stuff","45530.52"
"2018-01-01 00:00:00+07","dvds_blu_ray","96.58"
"2018-01-01 00:00:00+07","eletrodomesticos","2194.93"
"2018-01-01 00:00:00+07","eletrodomesticos_2","9109.57"
"2018-01-01 00:00:00+07","eletronicos","21654.55"
"2018-01-01 00:00:00+07","eletroportateis","16841.77"
"2018-01-01 00:00:00+07","esporte_lazer","104712.16"
"2018-01-01 00:00:00+07","fashion_bolsas_e_acessorios","9849.05"
"2018-01-01 00:00:00+07","fashion_calcados","822.31"
"2018-01-01 00:00:00+07","fashion_esporte","145.34"
"2018-01-01 00:00:00+07","fashion_roupa_feminina","196.48"
"2018-01-01 00:00:00+07","fashion_roupa_masculina","662.17"
"2018-01-01 00:00:00+07","fashion_underwear_e_moda_praia","877.02"
"2018-01-01 00:00:00+07","ferramentas_jardim","32649.12"
"2018-01-01 00:00:00+07","flores","438.26"
"2018-01-01 00:00:00+07","fraldas_higiene","188.45"
"2018-01-01 00:00:00+07","industria_comercio_e_negocios","4467.45"
"2018-01-01 00:00:00+07","informatica_acessorios","94458.54"
"2018-01-01 00:00:00+07","instrumentos_musicais","16463.07"
"2018-01-01 00:00:00+07","la_cuisine","130.03"
"2018-01-01 00:00:00+07","livros_importados","648.67"
"2018-01-01 00:00:00+07","livros_interesse_geral","2825.37"
"2018-01-01 00:00:00+07","livros_tecnicos","1418.83"
"2018-01-01 00:00:00+07","malas_acessorios","22077.68"
"2018-01-01 00:00:00+07","market_place","1046.76"
"2018-01-01 00:00:00+07","moveis_colchao_e_estofado","1270.40"
"2018-01-01 00:00:00+07","moveis_cozinha_area_de_servico_jantar_e_jardim","5949.22"
"2018-01-01 00:00:00+07","moveis_decoracao","66916.25"
"2018-01-01 00:00:00+07","moveis_escritorio","25732.55"
"2018-01-01 00:00:00+07","moveis_quarto","1065.04"
"2018-01-01 00:00:00+07","moveis_sala","2861.95"
"2018-01-01 00:00:00+07","musica","40.07"
"2018-01-01 00:00:00+07","papelaria","47575.33"
"2018-01-01 00:00:00+07","pcs","8300.98"
"2018-01-01 00:00:00+07","perfumaria","23127.22"
"2018-01-01 00:00:00+07","pet_shop","12687.61"
"2018-01-01 00:00:00+07","portateis_casa_forno_e_cafe","385.13"
"2018-01-01 00:00:00+07","relogios_presentes","81429.61"
"2018-01-01 00:00:00+07","sinalizacao_e_seguranca","1295.97"
"2018-01-01 00:00:00+07","tablets_impressao_imagem","186.77"
"2018-01-01 00:00:00+07","telefonia","20507.78"
"2018-01-01 00:00:00+07","telefonia_fixa","2633.55"
"2018-01-01 00:00:00+07","Unknown","25552.00"
"2018-01-01 00:00:00+07","utilidades_domesticas","45529.85"
"2018-02-01 00:00:00+07","agro_industria_e_comercio","8059.63"
"2018-02-01 00:00:00+07","alimentos","2269.53"
"2018-02-01 00:00:00+07","alimentos_bebidas","1387.34"
"2018-02-01 00:00:00+07","artes","1509.23"
"2018-02-01 00:00:00+07","artigos_de_natal","2671.35"
"2018-02-01 00:00:00+07","audio","3038.58"
"2018-02-01 00:00:00+07","automotivo","47991.39"
"2018-02-01 00:00:00+07","bebes","29431.04"
"2018-02-01 00:00:00+07","bebidas","2419.28"
"2018-02-01 00:00:00+07","beleza_saude","97640.99"
"2018-02-01 00:00:00+07","brinquedos","16696.02"
"2018-02-01 00:00:00+07","cama_mesa_banho","71771.74"
"2018-02-01 00:00:00+07","casa_conforto","3397.87"
"2018-02-01 00:00:00+07","casa_conforto_2","84.00"
"2018-02-01 00:00:00+07","casa_construcao","5969.44"
"2018-02-01 00:00:00+07","cine_foto","272.12"
"2018-02-01 00:00:00+07","climatizacao","2892.67"
"2018-02-01 00:00:00+07","consoles_games","13015.83"
"2018-02-01 00:00:00+07","construcao_ferramentas_construcao","10123.64"
"2018-02-01 00:00:00+07","construcao_ferramentas_ferramentas","1539.82"
"2018-02-01 00:00:00+07","construcao_ferramentas_iluminacao","1967.47"
"2018-02-01 00:00:00+07","construcao_ferramentas_jardim","1880.10"
"2018-02-01 00:00:00+07","construcao_ferramentas_seguranca","6152.31"
"2018-02-01 00:00:00+07","cool_stuff","34464.35"
"2018-02-01 00:00:00+07","dvds_blu_ray","42.53"
"2018-02-01 00:00:00+07","eletrodomesticos","6362.58"
"2018-02-01 00:00:00+07","eletrodomesticos_2","9986.74"
"2018-02-01 00:00:00+07","eletronicos","20071.12"
"2018-02-01 00:00:00+07","eletroportateis","5912.74"
"2018-02-01 00:00:00+07","esporte_lazer","87312.15"
"2018-02-01 00:00:00+07","fashion_bolsas_e_acessorios","11496.55"
"2018-02-01 00:00:00+07","fashion_calcados","1251.52"
"2018-02-01 00:00:00+07","fashion_roupa_feminina","45.09"
"2018-02-01 00:00:00+07","fashion_roupa_masculina","446.86"
"2018-02-01 00:00:00+07","fashion_underwear_e_moda_praia","505.29"
"2018-02-01 00:00:00+07","ferramentas_jardim","33631.23"
"2018-02-01 00:00:00+07","flores","187.70"
"2018-02-01 00:00:00+07","fraldas_higiene","150.76"
"2018-02-01 00:00:00+07","industria_comercio_e_negocios","5521.50"
"2018-02-01 00:00:00+07","informatica_acessorios","117553.18"
"2018-02-01 00:00:00+07","instrumentos_musicais","10064.38"
"2018-02-01 00:00:00+07","livros_importados","351.54"
"2018-02-01 00:00:00+07","livros_interesse_geral","2423.55"
"2018-02-01 00:00:00+07","livros_tecnicos","1767.71"
"2018-02-01 00:00:00+07","malas_acessorios","7576.11"
"2018-02-01 00:00:00+07","market_place","2366.34"
"2018-02-01 00:00:00+07","moveis_colchao_e_estofado","691.48"
"2018-02-01 00:00:00+07","moveis_cozinha_area_de_servico_jantar_e_jardim","5484.08"
"2018-02-01 00:00:00+07","moveis_decoracao","46553.37"
"2018-02-01 00:00:00+07","moveis_escritorio","22011.04"
"2018-02-01 00:00:00+07","moveis_quarto","1395.10"
"2018-02-01 00:00:00+07","moveis_sala","5962.08"
"2018-02-01 00:00:00+07","musica","277.24"
"2018-02-01 00:00:00+07","papelaria","13874.91"
"2018-02-01 00:00:00+07","pc_gamer","150.03"
"2018-02-01 00:00:00+07","perfumaria","23402.16"
"2018-02-01 00:00:00+07","pet_shop","11705.66"
"2018-02-01 00:00:00+07","portateis_casa_forno_e_cafe","3213.64"
"2018-02-01 00:00:00+07","relogios_presentes","68963.71"
"2018-02-01 00:00:00+07","sinalizacao_e_seguranca","987.67"
"2018-02-01 00:00:00+07","tablets_impressao_imagem","866.49"
"2018-02-01 00:00:00+07","telefonia","18870.80"
"2018-02-01 00:00:00+07","telefonia_fixa","4918.30"
"2018-02-01 00:00:00+07","Unknown","14703.68"
"2018-02-01 00:00:00+07","utilidades_domesticas","43781.81"
"2018-03-01 00:00:00+07","agro_industria_e_comercio","6567.09"
"2018-03-01 00:00:00+07","alimentos","2068.59"
"2018-03-01 00:00:00+07","alimentos_bebidas","2623.50"
"2018-03-01 00:00:00+07","artes","581.66"
"2018-03-01 00:00:00+07","artigos_de_festas","1070.29"
"2018-03-01 00:00:00+07","artigos_de_natal","1194.29"
"2018-03-01 00:00:00+07","audio","11264.37"
"2018-03-01 00:00:00+07","automotivo","52812.75"
"2018-03-01 00:00:00+07","bebes","46925.26"
"2018-03-01 00:00:00+07","bebidas","1268.52"
"2018-03-01 00:00:00+07","beleza_saude","102667.25"
"2018-03-01 00:00:00+07","brinquedos","27446.06"
"2018-03-01 00:00:00+07","cama_mesa_banho","84107.25"
"2018-03-01 00:00:00+07","casa_conforto","3060.62"
"2018-03-01 00:00:00+07","casa_conforto_2","44.33"
"2018-03-01 00:00:00+07","casa_construcao","6766.89"
"2018-03-01 00:00:00+07","cine_foto","846.54"
"2018-03-01 00:00:00+07","climatizacao","3208.87"
"2018-03-01 00:00:00+07","consoles_games","13078.06"
"2018-03-01 00:00:00+07","construcao_ferramentas_construcao","12244.21"
"2018-03-01 00:00:00+07","construcao_ferramentas_ferramentas","1154.77"
"2018-03-01 00:00:00+07","construcao_ferramentas_iluminacao","3138.15"
"2018-03-01 00:00:00+07","construcao_ferramentas_jardim","2971.37"
"2018-03-01 00:00:00+07","construcao_ferramentas_seguranca","5789.78"
"2018-03-01 00:00:00+07","cool_stuff","43913.06"
"2018-03-01 00:00:00+07","dvds_blu_ray","89.71"
"2018-03-01 00:00:00+07","eletrodomesticos","11350.26"
"2018-03-01 00:00:00+07","eletrodomesticos_2","6085.99"
"2018-03-01 00:00:00+07","eletronicos","16951.12"
"2018-03-01 00:00:00+07","eletroportateis","14781.56"
"2018-03-01 00:00:00+07","esporte_lazer","99570.96"
"2018-03-01 00:00:00+07","fashion_bolsas_e_acessorios","12765.84"
"2018-03-01 00:00:00+07","fashion_calcados","1525.22"
"2018-03-01 00:00:00+07","fashion_esporte","97.39"
"2018-03-01 00:00:00+07","fashion_roupa_feminina","154.52"
"2018-03-01 00:00:00+07","fashion_roupa_infanto_juvenil","96.56"
"2018-03-01 00:00:00+07","fashion_underwear_e_moda_praia","368.41"
"2018-03-01 00:00:00+07","ferramentas_jardim","33773.10"
"2018-03-01 00:00:00+07","flores","136.41"
"2018-03-01 00:00:00+07","fraldas_higiene","248.61"
"2018-03-01 00:00:00+07","industria_comercio_e_negocios","3607.83"
"2018-03-01 00:00:00+07","informatica_acessorios","100570.33"
"2018-03-01 00:00:00+07","instrumentos_musicais","12125.77"
"2018-03-01 00:00:00+07","la_cuisine","426.70"
"2018-03-01 00:00:00+07","livros_importados","284.69"
"2018-03-01 00:00:00+07","livros_interesse_geral","2288.66"
"2018-03-01 00:00:00+07","livros_tecnicos","1232.47"
"2018-03-01 00:00:00+07","malas_acessorios","7406.85"
"2018-03-01 00:00:00+07","market_place","1855.19"
"2018-03-01 00:00:00+07","moveis_colchao_e_estofado","584.93"
"2018-03-01 00:00:00+07","moveis_cozinha_area_de_servico_jantar_e_jardim","3602.02"
"2018-03-01 00:00:00+07","moveis_decoracao","65677.53"
"2018-03-01 00:00:00+07","moveis_escritorio","39722.58"
"2018-03-01 00:00:00+07","moveis_quarto","1265.69"
"2018-03-01 00:00:00+07","moveis_sala","4279.80"
"2018-03-01 00:00:00+07","musica","362.36"
"2018-03-01 00:00:00+07","papelaria","16051.13"
"2018-03-01 00:00:00+07","perfumaria","23814.11"
"2018-03-01 00:00:00+07","pet_shop","16345.24"
"2018-03-01 00:00:00+07","portateis_casa_forno_e_cafe","8220.48"
"2018-03-01 00:00:00+07","relogios_presentes","106696.69"
"2018-03-01 00:00:00+07","sinalizacao_e_seguranca","1079.56"
"2018-03-01 00:00:00+07","tablets_impressao_imagem","287.29"
"2018-03-01 00:00:00+07","telefonia","31254.08"
"2018-03-01 00:00:00+07","telefonia_fixa","2200.84"
"2018-03-01 00:00:00+07","Unknown","20026.74"
"2018-03-01 00:00:00+07","utilidades_domesticas","46578.24"
"2018-04-01 00:00:00+07","agro_industria_e_comercio","4783.66"
"2018-04-01 00:00:00+07","alimentos","2219.99"
"2018-04-01 00:00:00+07","alimentos_bebidas","885.03"
"2018-04-01 00:00:00+07","artes","2623.04"
"2018-04-01 00:00:00+07","artes_e_artesanato","34.22"
"2018-04-01 00:00:00+07","artigos_de_festas","80.26"
"2018-04-01 00:00:00+07","artigos_de_natal","518.58"
"2018-04-01 00:00:00+07","audio","7571.46"
"2018-04-01 00:00:00+07","automotivo","56745.17"
"2018-04-01 00:00:00+07","bebes","56773.27"
"2018-04-01 00:00:00+07","bebidas","5914.22"
"2018-04-01 00:00:00+07","beleza_saude","105197.96"
"2018-04-01 00:00:00+07","brinquedos","27545.66"
"2018-04-01 00:00:00+07","cama_mesa_banho","86693.62"
"2018-04-01 00:00:00+07","casa_conforto","2274.26"
"2018-04-01 00:00:00+07","casa_conforto_2","18.76"
"2018-04-01 00:00:00+07","casa_construcao","10772.74"
"2018-04-01 00:00:00+07","cds_dvds_musicais","117.58"
"2018-04-01 00:00:00+07","cine_foto","621.13"
"2018-04-01 00:00:00+07","climatizacao","3921.12"
"2018-04-01 00:00:00+07","consoles_games","6767.55"
"2018-04-01 00:00:00+07","construcao_ferramentas_construcao","15576.76"
"2018-04-01 00:00:00+07","construcao_ferramentas_ferramentas","1651.92"
"2018-04-01 00:00:00+07","construcao_ferramentas_iluminacao","5827.50"
"2018-04-01 00:00:00+07","construcao_ferramentas_jardim","1777.27"
"2018-04-01 00:00:00+07","construcao_ferramentas_seguranca","3427.97"
"2018-04-01 00:00:00+07","cool_stuff","40006.50"
"2018-04-01 00:00:00+07","dvds_blu_ray","267.67"
"2018-04-01 00:00:00+07","eletrodomesticos","17382.62"
"2018-04-01 00:00:00+07","eletrodomesticos_2","21959.04"
"2018-04-01 00:00:00+07","eletronicos","14750.55"
"2018-04-01 00:00:00+07","eletroportateis","13278.35"
"2018-04-01 00:00:00+07","esporte_lazer","78694.17"
"2018-04-01 00:00:00+07","fashion_bolsas_e_acessorios","10327.53"
"2018-04-01 00:00:00+07","fashion_calcados","1717.97"
"2018-04-01 00:00:00+07","fashion_esporte","105.41"
"2018-04-01 00:00:00+07","fashion_roupa_feminina","218.15"
"2018-04-01 00:00:00+07","fashion_roupa_masculina","234.42"
"2018-04-01 00:00:00+07","fashion_underwear_e_moda_praia","440.18"
"2018-04-01 00:00:00+07","ferramentas_jardim","40698.93"
"2018-04-01 00:00:00+07","flores","194.49"
"2018-04-01 00:00:00+07","fraldas_higiene","200.57"
"2018-04-01 00:00:00+07","industria_comercio_e_negocios","6882.22"
"2018-04-01 00:00:00+07","informatica_acessorios","69780.83"
"2018-04-01 00:00:00+07","instrumentos_musicais","21176.37"
"2018-04-01 00:00:00+07","la_cuisine","334.12"
"2018-04-01 00:00:00+07","livros_importados","352.37"
"2018-04-01 00:00:00+07","livros_interesse_geral","7209.15"
"2018-04-01 00:00:00+07","livros_tecnicos","1576.46"
"2018-04-01 00:00:00+07","malas_acessorios","10272.07"
"2018-04-01 00:00:00+07","market_place","844.83"
"2018-04-01 00:00:00+07","moveis_cozinha_area_de_servico_jantar_e_jardim","4288.19"
"2018-04-01 00:00:00+07","moveis_decoracao","68386.12"
"2018-04-01 00:00:00+07","moveis_escritorio","26494.80"
"2018-04-01 00:00:00+07","moveis_quarto","1849.22"
"2018-04-01 00:00:00+07","moveis_sala","6219.96"
"2018-04-01 00:00:00+07","musica","1842.06"
"2018-04-01 00:00:00+07","papelaria","14308.27"
"2018-04-01 00:00:00+07","pcs","14571.61"
"2018-04-01 00:00:00+07","perfumaria","20504.24"
"2018-04-01 00:00:00+07","pet_shop","22093.16"
"2018-04-01 00:00:00+07","portateis_casa_forno_e_cafe","14769.18"
"2018-04-01 00:00:00+07","relogios_presentes","100316.99"
"2018-04-01 00:00:00+07","sinalizacao_e_seguranca","2951.28"
"2018-04-01 00:00:00+07","tablets_impressao_imagem","70.24"
"2018-04-01 00:00:00+07","telefonia","20829.87"
"2018-04-01 00:00:00+07","telefonia_fixa","2127.68"
"2018-04-01 00:00:00+07","Unknown","9616.41"
"2018-04-01 00:00:00+07","utilidades_domesticas","55763.94"
"2018-05-01 00:00:00+07","agro_industria_e_comercio","3433.22"
"2018-05-01 00:00:00+07","alimentos","2079.48"
"2018-05-01 00:00:00+07","alimentos_bebidas","1674.74"
"2018-05-01 00:00:00+07","artes","3257.08"
"2018-05-01 00:00:00+07","artes_e_artesanato","101.05"
"2018-05-01 00:00:00+07","artigos_de_festas","170.44"
"2018-05-01 00:00:00+07","artigos_de_natal","672.74"
"2018-05-01 00:00:00+07","audio","3044.54"
"2018-05-01 00:00:00+07","automotivo","48183.89"
"2018-05-01 00:00:00+07","bebes","39328.01"
"2018-05-01 00:00:00+07","bebidas","3563.83"
"2018-05-01 00:00:00+07","beleza_saude","109898.46"
"2018-05-01 00:00:00+07","brinquedos","36296.96"
"2018-05-01 00:00:00+07","cama_mesa_banho","85126.81"
"2018-05-01 00:00:00+07","casa_conforto","3184.37"
"2018-05-01 00:00:00+07","casa_construcao","11456.03"
"2018-05-01 00:00:00+07","cine_foto","2570.88"
"2018-05-01 00:00:00+07","climatizacao","2231.35"
"2018-05-01 00:00:00+07","consoles_games","6671.21"
"2018-05-01 00:00:00+07","construcao_ferramentas_construcao","23580.34"
"2018-05-01 00:00:00+07","construcao_ferramentas_ferramentas","506.26"
"2018-05-01 00:00:00+07","construcao_ferramentas_iluminacao","5168.75"
"2018-05-01 00:00:00+07","construcao_ferramentas_jardim","1403.85"
"2018-05-01 00:00:00+07","construcao_ferramentas_seguranca","6968.99"
"2018-05-01 00:00:00+07","cool_stuff","33932.76"
"2018-05-01 00:00:00+07","dvds_blu_ray","560.16"
"2018-05-01 00:00:00+07","eletrodomesticos","7380.41"
"2018-05-01 00:00:00+07","eletrodomesticos_2","15597.83"
"2018-05-01 00:00:00+07","eletronicos","21016.17"
"2018-05-01 00:00:00+07","eletroportateis","11507.33"
"2018-05-01 00:00:00+07","esporte_lazer","68763.66"
"2018-05-01 00:00:00+07","fashion_bolsas_e_acessorios","13192.27"
"2018-05-01 00:00:00+07","fashion_calcados","1788.57"
"2018-05-01 00:00:00+07","fashion_roupa_masculina","149.87"
"2018-05-01 00:00:00+07","fashion_underwear_e_moda_praia","300.46"
"2018-05-01 00:00:00+07","ferramentas_jardim","43119.29"
"2018-05-01 00:00:00+07","flores","35.72"
"2018-05-01 00:00:00+07","fraldas_higiene","159.65"
"2018-05-01 00:00:00+07","industria_comercio_e_negocios","4981.97"
"2018-05-01 00:00:00+07","informatica_acessorios","59865.75"
"2018-05-01 00:00:00+07","instrumentos_musicais","20537.04"
"2018-05-01 00:00:00+07","livros_importados","525.71"
"2018-05-01 00:00:00+07","livros_interesse_geral","6879.32"
"2018-05-01 00:00:00+07","livros_tecnicos","3923.58"
"2018-05-01 00:00:00+07","malas_acessorios","8245.49"
"2018-05-01 00:00:00+07","market_place","1186.79"
"2018-05-01 00:00:00+07","moveis_cozinha_area_de_servico_jantar_e_jardim","2861.28"
"2018-05-01 00:00:00+07","moveis_decoracao","65450.53"
"2018-05-01 00:00:00+07","moveis_escritorio","25355.00"
"2018-05-01 00:00:00+07","moveis_quarto","1816.91"
"2018-05-01 00:00:00+07","moveis_sala","3390.10"
"2018-05-01 00:00:00+07","musica","827.40"
"2018-05-01 00:00:00+07","papelaria","15372.31"
"2018-05-01 00:00:00+07","pcs","9944.61"
"2018-05-01 00:00:00+07","perfumaria","27915.22"
"2018-05-01 00:00:00+07","pet_shop","14084.07"
"2018-05-01 00:00:00+07","portateis_casa_forno_e_cafe","10474.54"
"2018-05-01 00:00:00+07","portateis_cozinha_e_preparadores_de_alimentos","2046.41"
"2018-05-01 00:00:00+07","relogios_presentes","132617.95"
"2018-05-01 00:00:00+07","sinalizacao_e_seguranca","862.99"
"2018-05-01 00:00:00+07","tablets_impressao_imagem","58.19"
"2018-05-01 00:00:00+07","telefonia","25836.33"
"2018-05-01 00:00:00+07","telefonia_fixa","2113.89"
"2018-05-01 00:00:00+07","Unknown","3982.07"
"2018-05-01 00:00:00+07","utilidades_domesticas","76453.58"
"2018-06-01 00:00:00+07","agro_industria_e_comercio","3843.05"
"2018-06-01 00:00:00+07","alimentos","1693.59"
"2018-06-01 00:00:00+07","alimentos_bebidas","512.81"
"2018-06-01 00:00:00+07","artes","3019.18"
"2018-06-01 00:00:00+07","artigos_de_festas","112.38"
"2018-06-01 00:00:00+07","artigos_de_natal","476.71"
"2018-06-01 00:00:00+07","audio","2228.39"
"2018-06-01 00:00:00+07","automotivo","52446.51"
"2018-06-01 00:00:00+07","bebes","37038.15"
"2018-06-01 00:00:00+07","bebidas","2053.40"
"2018-06-01 00:00:00+07","beleza_saude","125075.78"
"2018-06-01 00:00:00+07","brinquedos","25293.65"
"2018-06-01 00:00:00+07","cama_mesa_banho","87992.05"
"2018-06-01 00:00:00+07","casa_conforto","2701.94"
"2018-06-01 00:00:00+07","casa_conforto_2","51.38"
"2018-06-01 00:00:00+07","casa_construcao","10936.73"
"2018-06-01 00:00:00+07","cine_foto","609.36"
"2018-06-01 00:00:00+07","climatizacao","4092.94"
"2018-06-01 00:00:00+07","consoles_games","7642.03"
"2018-06-01 00:00:00+07","construcao_ferramentas_construcao","25372.45"
"2018-06-01 00:00:00+07","construcao_ferramentas_ferramentas","623.81"
"2018-06-01 00:00:00+07","construcao_ferramentas_iluminacao","5538.59"
"2018-06-01 00:00:00+07","construcao_ferramentas_jardim","1067.60"
"2018-06-01 00:00:00+07","construcao_ferramentas_seguranca","2972.88"
"2018-06-01 00:00:00+07","cool_stuff","22026.04"
"2018-06-01 00:00:00+07","dvds_blu_ray","505.03"
"2018-06-01 00:00:00+07","eletrodomesticos","7263.28"
"2018-06-01 00:00:00+07","eletrodomesticos_2","9112.54"
"2018-06-01 00:00:00+07","eletronicos","12946.08"
"2018-06-01 00:00:00+07","eletroportateis","17190.08"
"2018-06-01 00:00:00+07","esporte_lazer","54442.78"
"2018-06-01 00:00:00+07","fashion_bolsas_e_acessorios","9388.36"
"2018-06-01 00:00:00+07","fashion_calcados","1450.18"
"2018-06-01 00:00:00+07","fashion_roupa_infanto_juvenil","97.48"
"2018-06-01 00:00:00+07","fashion_roupa_masculina","554.43"
"2018-06-01 00:00:00+07","fashion_underwear_e_moda_praia","236.76"
"2018-06-01 00:00:00+07","ferramentas_jardim","23126.03"
"2018-06-01 00:00:00+07","flores","140.70"
"2018-06-01 00:00:00+07","fraldas_higiene","427.70"
"2018-06-01 00:00:00+07","industria_comercio_e_negocios","3533.92"
"2018-06-01 00:00:00+07","informatica_acessorios","50778.01"
"2018-06-01 00:00:00+07","instrumentos_musicais","17970.76"
"2018-06-01 00:00:00+07","livros_importados","606.16"
"2018-06-01 00:00:00+07","livros_interesse_geral","3879.10"
"2018-06-01 00:00:00+07","livros_tecnicos","2184.59"
"2018-06-01 00:00:00+07","malas_acessorios","6138.72"
"2018-06-01 00:00:00+07","market_place","678.79"
"2018-06-01 00:00:00+07","moveis_cozinha_area_de_servico_jantar_e_jardim","4535.22"
"2018-06-01 00:00:00+07","moveis_decoracao","52528.92"
"2018-06-01 00:00:00+07","moveis_escritorio","16654.57"
"2018-06-01 00:00:00+07","moveis_quarto","1941.82"
"2018-06-01 00:00:00+07","moveis_sala","4529.65"
"2018-06-01 00:00:00+07","musica","169.56"
"2018-06-01 00:00:00+07","papelaria","16026.05"
"2018-06-01 00:00:00+07","pcs","13867.87"
"2018-06-01 00:00:00+07","perfumaria","31001.59"
"2018-06-01 00:00:00+07","pet_shop","23421.37"
"2018-06-01 00:00:00+07","portateis_casa_forno_e_cafe","3672.13"
"2018-06-01 00:00:00+07","relogios_presentes","95855.50"
"2018-06-01 00:00:00+07","sinalizacao_e_seguranca","6940.76"
"2018-06-01 00:00:00+07","tablets_impressao_imagem","72.85"
"2018-06-01 00:00:00+07","telefonia","26512.69"
"2018-06-01 00:00:00+07","telefonia_fixa","2422.52"
"2018-06-01 00:00:00+07","Unknown","2805.70"
"2018-06-01 00:00:00+07","utilidades_domesticas","69350.25"
"2018-07-01 00:00:00+07","agro_industria_e_comercio","8735.28"
"2018-07-01 00:00:00+07","alimentos","4401.42"
"2018-07-01 00:00:00+07","alimentos_bebidas","1121.56"
"2018-07-01 00:00:00+07","artes","2265.73"
"2018-07-01 00:00:00+07","artes_e_artesanato","804.60"
"2018-07-01 00:00:00+07","artigos_de_festas","84.36"
"2018-07-01 00:00:00+07","artigos_de_natal","661.66"
"2018-07-01 00:00:00+07","audio","2409.00"
"2018-07-01 00:00:00+07","automotivo","50881.24"
"2018-07-01 00:00:00+07","bebes","27116.42"
"2018-07-01 00:00:00+07","bebidas","1633.20"
"2018-07-01 00:00:00+07","beleza_saude","122416.14"
"2018-07-01 00:00:00+07","brinquedos","20360.84"
"2018-07-01 00:00:00+07","cama_mesa_banho","68476.01"
"2018-07-01 00:00:00+07","casa_conforto","3560.26"
"2018-07-01 00:00:00+07","casa_conforto_2","85.44"
"2018-07-01 00:00:00+07","casa_construcao","8298.17"
"2018-07-01 00:00:00+07","cine_foto","1291.61"
"2018-07-01 00:00:00+07","climatizacao","3137.45"
"2018-07-01 00:00:00+07","consoles_games","9539.14"
"2018-07-01 00:00:00+07","construcao_ferramentas_construcao","17589.95"
"2018-07-01 00:00:00+07","construcao_ferramentas_ferramentas","5779.45"
"2018-07-01 00:00:00+07","construcao_ferramentas_iluminacao","8631.40"
"2018-07-01 00:00:00+07","construcao_ferramentas_jardim","2520.09"
"2018-07-01 00:00:00+07","construcao_ferramentas_seguranca","2142.90"
"2018-07-01 00:00:00+07","cool_stuff","24660.10"
"2018-07-01 00:00:00+07","dvds_blu_ray","96.88"
"2018-07-01 00:00:00+07","eletrodomesticos","6541.68"
"2018-07-01 00:00:00+07","eletrodomesticos_2","13772.17"
"2018-07-01 00:00:00+07","eletronicos","11777.32"
"2018-07-01 00:00:00+07","eletroportateis","9181.61"
"2018-07-01 00:00:00+07","esporte_lazer","65662.74"
"2018-07-01 00:00:00+07","fashion_bolsas_e_acessorios","7418.12"
"2018-07-01 00:00:00+07","fashion_calcados","985.44"
"2018-07-01 00:00:00+07","fashion_roupa_masculina","295.68"
"2018-07-01 00:00:00+07","fashion_underwear_e_moda_praia","141.33"
"2018-07-01 00:00:00+07","ferramentas_jardim","31122.91"
"2018-07-01 00:00:00+07","flores","83.36"
"2018-07-01 00:00:00+07","fraldas_higiene","197.89"
"2018-07-01 00:00:00+07","industria_comercio_e_negocios","5593.90"
"2018-07-01 00:00:00+07","informatica_acessorios","50161.60"
"2018-07-01 00:00:00+07","instrumentos_musicais","9309.47"
"2018-07-01 00:00:00+07","livros_importados","516.61"
"2018-07-01 00:00:00+07","livros_interesse_geral","4496.16"
"2018-07-01 00:00:00+07","livros_tecnicos","2605.41"
"2018-07-01 00:00:00+07","malas_acessorios","7193.09"
"2018-07-01 00:00:00+07","market_place","277.34"
"2018-07-01 00:00:00+07","moveis_colchao_e_estofado","141.83"
"2018-07-01 00:00:00+07","moveis_cozinha_area_de_servico_jantar_e_jardim","4886.72"
"2018-07-01 00:00:00+07","moveis_decoracao","57327.68"
"2018-07-01 00:00:00+07","moveis_escritorio","16928.89"
"2018-07-01 00:00:00+07","moveis_quarto","1838.77"
"2018-07-01 00:00:00+07","moveis_sala","8840.31"
"2018-07-01 00:00:00+07","musica","893.28"
"2018-07-01 00:00:00+07","papelaria","21489.70"
"2018-07-01 00:00:00+07","pc_gamer","457.38"
"2018-07-01 00:00:00+07","pcs","11947.48"
"2018-07-01 00:00:00+07","perfumaria","24492.31"
"2018-07-01 00:00:00+07","pet_shop","23358.39"
"2018-07-01 00:00:00+07","portateis_casa_forno_e_cafe","5171.36"
"2018-07-01 00:00:00+07","portateis_cozinha_e_preparadores_de_alimentos","276.08"
"2018-07-01 00:00:00+07","relogios_presentes","106064.72"
"2018-07-01 00:00:00+07","sinalizacao_e_seguranca","6136.19"
"2018-07-01 00:00:00+07","telefonia","30549.73"
"2018-07-01 00:00:00+07","telefonia_fixa","9658.18"
"2018-07-01 00:00:00+07","Unknown","5665.78"
"2018-07-01 00:00:00+07","utilidades_domesticas","77624.67"
"2018-08-01 00:00:00+07","agro_industria_e_comercio","5543.74"
"2018-08-01 00:00:00+07","alimentos","9676.42"
"2018-08-01 00:00:00+07","alimentos_bebidas","1340.39"
"2018-08-01 00:00:00+07","artes","1775.90"
"2018-08-01 00:00:00+07","artes_e_artesanato","1069.05"
"2018-08-01 00:00:00+07","artigos_de_festas","1590.42"
"2018-08-01 00:00:00+07","artigos_de_natal","778.71"
"2018-08-01 00:00:00+07","audio","2469.10"
"2018-08-01 00:00:00+07","automotivo","52835.07"
"2018-08-01 00:00:00+07","bebes","26714.91"
"2018-08-01 00:00:00+07","bebidas","1918.02"
"2018-08-01 00:00:00+07","beleza_saude","136823.27"
"2018-08-01 00:00:00+07","brinquedos","20191.55"
"2018-08-01 00:00:00+07","cama_mesa_banho","75207.83"
"2018-08-01 00:00:00+07","casa_conforto","2571.88"
"2018-08-01 00:00:00+07","casa_construcao","8312.99"
"2018-08-01 00:00:00+07","cine_foto","818.29"
"2018-08-01 00:00:00+07","climatizacao","4007.82"
"2018-08-01 00:00:00+07","consoles_games","5698.01"
"2018-08-01 00:00:00+07","construcao_ferramentas_construcao","25925.05"
"2018-08-01 00:00:00+07","construcao_ferramentas_ferramentas","1497.04"
"2018-08-01 00:00:00+07","construcao_ferramentas_iluminacao","9888.59"
"2018-08-01 00:00:00+07","construcao_ferramentas_jardim","4294.49"
"2018-08-01 00:00:00+07","construcao_ferramentas_seguranca","4486.68"
"2018-08-01 00:00:00+07","cool_stuff","19091.64"
"2018-08-01 00:00:00+07","dvds_blu_ray","16.29"
"2018-08-01 00:00:00+07","eletrodomesticos","7765.35"
"2018-08-01 00:00:00+07","eletrodomesticos_2","8248.52"
"2018-08-01 00:00:00+07","eletronicos","12967.37"
"2018-08-01 00:00:00+07","eletroportateis","6953.51"
"2018-08-01 00:00:00+07","esporte_lazer","60039.13"
"2018-08-01 00:00:00+07","fashion_bolsas_e_acessorios","10035.75"
"2018-08-01 00:00:00+07","fashion_calcados","577.21"
"2018-08-01 00:00:00+07","fashion_esporte","83.05"
"2018-08-01 00:00:00+07","fashion_roupa_feminina","169.13"
"2018-08-01 00:00:00+07","fashion_roupa_masculina","466.98"
"2018-08-01 00:00:00+07","fashion_underwear_e_moda_praia","246.76"
"2018-08-01 00:00:00+07","ferramentas_jardim","20353.07"
"2018-08-01 00:00:00+07","fraldas_higiene","276.93"
"2018-08-01 00:00:00+07","industria_comercio_e_negocios","2744.05"
"2018-08-01 00:00:00+07","informatica_acessorios","48157.05"
"2018-08-01 00:00:00+07","instrumentos_musicais","11705.45"
"2018-08-01 00:00:00+07","livros_importados","804.96"
"2018-08-01 00:00:00+07","livros_interesse_geral","2076.99"
"2018-08-01 00:00:00+07","livros_tecnicos","1861.38"
"2018-08-01 00:00:00+07","malas_acessorios","8157.53"
"2018-08-01 00:00:00+07","market_place","1107.97"
"2018-08-01 00:00:00+07","moveis_cozinha_area_de_servico_jantar_e_jardim","2756.02"
"2018-08-01 00:00:00+07","moveis_decoracao","51907.58"
"2018-08-01 00:00:00+07","moveis_escritorio","8386.67"
"2018-08-01 00:00:00+07","moveis_quarto","2819.88"
"2018-08-01 00:00:00+07","moveis_sala","6690.29"
"2018-08-01 00:00:00+07","musica","582.61"
"2018-08-01 00:00:00+07","papelaria","18980.61"
"2018-08-01 00:00:00+07","pc_gamer","238.63"
"2018-08-01 00:00:00+07","pcs","9228.25"
"2018-08-01 00:00:00+07","perfumaria","28660.53"
"2018-08-01 00:00:00+07","pet_shop","28492.46"
"2018-08-01 00:00:00+07","portateis_casa_forno_e_cafe","3391.13"
"2018-08-01 00:00:00+07","portateis_cozinha_e_preparadores_de_alimentos","1905.56"
"2018-08-01 00:00:00+07","relogios_presentes","79391.86"
"2018-08-01 00:00:00+07","sinalizacao_e_seguranca","2158.67"
"2018-08-01 00:00:00+07","telefonia","42480.90"
"2018-08-01 00:00:00+07","telefonia_fixa","2891.02"
"2018-08-01 00:00:00+07","Unknown","2929.00"
"2018-08-01 00:00:00+07","utilidades_domesticas","73740.55"
"2018-09-01 00:00:00+07","moveis_cozinha_area_de_servico_jantar_e_jardim","166.46"
